SUBJECT,FILENAME,BANGLE STEP COUNT,REFERENCE IMU,ACTIVITY,,,,
1,testResults_1718715774181,0,0,AL,,,,
1,testResults_1718716086862,0,0,REST,,,,
1,testResults_1718717153145,513,870,INDOOR,,,,
1,testResults_1718717456693,157,182,STAIRS,,,,
1,testResults_1718718489653,1182,1162,OUTDOOR,,,,
2,testResults_1718720241906,0,0,AL,,,,
2,testResults_1718720546317,0,0,REST,,,,
2,testResults_1718721590570,561,924,INDOOR,,,,
2,testResults_1718721858589,143,200,STAIRS,,,,
2,testResults_1718723015528,940,1308,OUTDOOR,,,,
3,testResults_1719305329052,0,0,AL,,,,testResults_1718718489653.csv
3,testResults_1719305953235,0,0,REST,,,,testResults_1718718489653.csv
3,testResults_1719307049815,381,978,INDOOR,,,,
3,testResults_1719307318461,147,198,STAIRS,,,,
3,testResults_1721310022467,700,1328,OUTDOOR,,,,
4,testResults_1719563270518,0,0,AL,,,,
4,testResults_1719563576746,0,0,REST,,,,
4,testResults_1719564762341,670,940,INDOOR,,,,
4,testResults_1719565087037,172,194,STAIRS,,,,
4,testResults_1721827965920,1209,1210,OUTDOOR,,,,
5,testResults_1719568755656,0,0,AL,,,,
5,testResults_1719569091505,0,0,REST,,,,
5,testResults_1719570124685,311,904,INDOOR,,,,
5,testResults_1719570405458,151,194,STAIRS,,,,
5,testResults_1719571512562,1186,1342,OUTDOOR,,,,
6,testResults_1719836654271,0,0,AL,,,,
6,testResults_1719836966628,0,0,REST,,,,
6,testResults_1719838036467,672,924,INDOOR,,,,
6,testResults_1719838295960,151,204,STAIRS,,,,
6,testResults_1719839414754,382,1312,OUTDOOR,,,,
7,testResults_1719840491064,0,0,AL,,,,
7,testResults_1719840795573,0,0,REST,,,,
7,testResults_1719841846180,522,836,INDOOR,,,,
7,testResults_1719842262193,154,180,STAIRS,,,,
7,testResults_1719843286461,1119,1128,OUTDOOR,,,,
8,testResults_1719846169032,0,0,AL,,,,
8,testResults_1719846470563,0,0,REST,,,,
8,testResults_1719847529918,602,932,INDOOR,,,,
8,testResults_1719847782786,162,184,STAIRS,,,,
8,testResults_1719848773965,996,1294,OUTDOOR,,,,
9,testResults_1720170049059,0,0,AL,,,,
9,testResults_1720170491675,0,0,REST,,,,
9,testResults_1720171598781,610,908,INDOOR,,,,
9,testResults_1720171936888,164,214,STAIRS,,,,
9,testResults_1720172989023,1215,1310,OUTDOOR,,,,
10,testResults_1720175714701,0,0,AL,,,,
10,testResults_1720176002030,0,0,REST,,,,
10,testResults_1720177039222,759,936,INDOOR,,,,
10,testResults_1720178224152,163,166,STAIRS,,,,
10,testResults_1720179220287,1153,1278,OUTDOOR,,,,
11,testResults_1720182155860,0,0,AL,,,,
11,testResults_1720182454751,0,0,REST,,,,
11,testResults_1720183527333,692,914,INDOOR,,,,
11,testResults_1720183762302,168,186,STAIRS,,,,
11,testResults_1720184770077,1082,1230,OUTDOOR,,,,
12,testResults_1721036509742,0,0,AL,,,,
12,testResults_1721036801833,0,0,REST,,,,
12,testResults_1721037861627,438,954,INDOOR,,,,
12,testResults_1721038184916,145,200,STAIRS,,,,
12,testResults_1721039330990,1091,524,OUTDOOR,,,,
13,testResults_1721292759658,0,0,AL,,,,
13,testResults_1721293042832,0,0,REST,,,,
13,testResults_1721294144156,729,940,INDOOR,,,,
13,testResults_1721294771979,173,212,STAIRS,,,,
13,testResults_1721295911889,658,1310,OUTDOOR,,,,
14,testResults_1721297872517,0,0,AL,,,,
14,testResults_1721298182407,0,0,REST,,,,
14,testResults_1721299298882,0,900,INDOOR,,,,
14,testResults_1721299611369,150,164,STAIRS,,,,
14,testResults_1721300759698,781,1308,OUTDOOR,,,,
15,testResults_1721305493022,0,0,AL,,,,
15,testResults_1721305783666,0,0,REST,,,,
15,testResults_1721306808166,423,902,INDOOR,,,,
15,testResults_1721307033231,166,192,STAIRS,,,,
15,testResults_1721308070612,286,1220,OUTDOOR,,,,
16,testResults_1721313163874,0,0,AL,,,,
16,testResults_1721313485315,0,0,REST,,,,
16,testResults_1721314552752,340,1002,INDOOR,,,,
16,testResults_1721314808619,155,188,STAIRS,,,,
16,testResults_1721315832810,899,1388,OUTDOOR,,,,
17,testResults_1721823009320,0,0,AL,,,,
17,testResults_1721823302181,0,0,REST,,,,
17,testResults_1721824494690,378,930,INDOOR,,,,
17,testResults_1721824949308,131,172,STAIRS,,,,
17,testResults_1721826007481,663,1226,OUTDOOR,,,,
18,testResults_1721834750843,0,0,AL,,,,
18,testResults_1721835151975,0,0,REST,,,,
18,testResults_1721836127366,695,924,INDOOR,,,,
18,testResults_1721836368799,152,206,STAIRS,,,,
18,testResults_1721837355043,1261,1190,OUTDOOR,,,,
19,testResults_1722345794754,0,0,AL,,,,
19,testResults_1722346197597,0,0,REST,,,,
19,testResults_1722347300046,685,872,INDOOR,,,,
19,testResults_1722347645842,153,152,STAIRS,,,,
19,testResults_1722348697329,750,1156,OUTDOOR,,,,
20,testResults_1722350071367,0,0,AL,,,,
20,testResults_1722350374732,0,0,REST,,,,
20,testResults_1722351514685,433,966,INDOOR,,,,
20,testResults_1722351787055,154,128,STAIRS,,,,
20,testResults_1722352963678,916,1182,OUTDOOR,,,,