FILENAME,Dummy,BGLSimple,Oxford
testResults_1720182454751.csv,0,287,35,4
testResults_1720182155860.csv,0,444,109,44
testResults_1720183527333.csv,914,1184,916,1160
testResults_1719840491064.csv,0,448,98,1196
testResults_1721314552752.csv,1002,1199,474,2153
testResults_1720184770077.csv,1230,1219,645,3504
testResults_1719305329052.csv,0,465,103,3563
testResults_1721826007481.csv,1226,1227,685,5037
testResults_1721298182407.csv,0,19,14,5037
testResults_1718718489653.csv,1162,1150,1157,6382
testResults_1719836966628.csv,0,311,52,6382
testResults_1720170049059.csv,0,460,80,6387
testResults_1722350071367.csv,0,454,138,6470
testResults_1721294771979.csv,212,198,175,6665
testResults_1721306808166.csv,902,1204,911,7544
testResults_1718721590570.csv,924,1213,508,8549
testResults_1721313163874.csv,0,435,157,8678
testResults_1720171936888.csv,214,198,181,8872
testResults_1719838295960.csv,204,153,159,9049
testResults_1721294144156.csv,940,1216,646,10108
testResults_1719570405458.csv,194,194,180,10309
testResults_1721039330990.csv,524,1193,1207,11661
testResults_1719565087037.csv,194,180,184,11866
testResults_1721299611369.csv,164,176,180,12041
testResults_1720177039222.csv,936,1261,778,13119
testResults_1721292759658.csv,0,428,90,13199
testResults_1721836127366.csv,924,1189,986,14135
testResults_1719843286461.csv,1128,1235,1238,15531
testResults_1720171598781.csv,908,1177,767,16507
testResults_1719842262193.csv,180,217,174,16694
testResults_1719848773965.csv,1294,1184,857,18113
testResults_1719564762341.csv,940,1200,687,19091
testResults_1720170491675.csv,0,264,14,19091
testResults_1720172989023.csv,1310,1274,967,20516
testResults_1721310022467.csv,1328,820,763,21420
testResults_1720183762302.csv,186,173,183,21609
testResults_1722351787055.csv,128,168,156,21791
testResults_1722351514685.csv,966,1220,499,22882
testResults_1721037861627.csv,954,1223,935,23819
testResults_1721036801833.csv,0,18,3,23819
testResults_1719846470563.csv,0,293,76,23819
testResults_1719847529918.csv,932,1219,907,24820
testResults_1721038184916.csv,200,124,148,24970
testResults_1721305493022.csv,0,430,89,24998
testResults_1721295911889.csv,1310,906,395,26025
testResults_1719569091505.csv,0,298,31,26033
testResults_1722348697329.csv,1156,766,758,26844
testResults_1718720546317.csv,0,293,88,26844
testResults_1721305783666.csv,0,18,11,26844
testResults_1722346197597.csv,0,201,34,26844
testResults_1722352963678.csv,1182,1088,387,28126
testResults_1721827965920.csv,1210,1287,1236,29615
testResults_1719307318461.csv,198,163,156,29784
testResults_1722345794754.csv,0,468,32,29785
testResults_1721834750843.csv,0,447,97,29813
testResults_1720179220287.csv,1278,1195,990,31207
testResults_1719839414754.csv,1312,415,377,31637
testResults_1719563270518.csv,0,476,162,31735
testResults_1719841846180.csv,836,1191,917,32795
testResults_1720176002030.csv,0,270,36,32795
testResults_1721315832810.csv,1388,1210,904,34170
testResults_1719840795573.csv,0,326,41,34170
testResults_1721307033231.csv,192,156,164,34349
testResults_1719846169032.csv,0,468,172,34473
testResults_1718716086862.csv,0,269,16,34473
testResults_1721835151975.csv,0,235,24,34473
testResults_1721308070612.csv,1220,415,351,34876
testResults_1718717153145.csv,870,1209,679,35894
testResults_1721036509742.csv,0,428,35,35900
testResults_1719305953235.csv,0,18,7,35900
testResults_1721836368799.csv,206,172,176,36084
testResults_1721837355043.csv,1190,1200,1329,37414
testResults_1721299298882.csv,900,415,243,37673
testResults_1718720241906.csv,0,443,122,37693
testResults_1721314808619.csv,188,157,181,37873
testResults_1718721858589.csv,200,188,145,38060
testResults_1718715774181.csv,0,482,86,38102
testResults_1719570124685.csv,904,1195,733,39100
testResults_1719568755656.csv,0,492,184,39264
testResults_1721823302181.csv,0,280,0,39264
testResults_1721824494690.csv,930,1201,516,40302
testResults_1722347300046.csv,872,1206,906,41279
testResults_1720175714701.csv,0,442,88,41340
testResults_1718717456693.csv,182,174,170,41517
testResults_1719836654271.csv,0,498,88,41534
testResults_1720178224152.csv,166,158,156,41706
testResults_1721300759698.csv,1308,1344,1109,43187
testResults_1719307049815.csv,978,1194,555,44118
testResults_1721313485315.csv,0,284,6,44118
testResults_1719847782786.csv,184,151,164,44291
testResults_1719571512562.csv,1342,1287,1281,45753
testResults_1719838036467.csv,924,1219,765,46704
testResults_1722347645842.csv,152,172,168,46869
testResults_1719563576746.csv,0,275,5,46869
testResults_1718723015528.csv,1308,1266,733,48309
testResults_1721293042832.csv,0,269,75,48309
testResults_1721823009320.csv,0,459,78,48315
testResults_1721824949308.csv,172,169,153,48496
testResults_1722350374732.csv,0,279,78,48496
testResults_1721297872517.csv,0,456,178,48536
